---,Index,Recoil
1,"1","((X=2.000000,Y=4.000000),(X=-1.000000,Y=5.000000),(X=-2.000000,Y=4.000000),(X=3.000000,Y=6.000000),(X=-1.000000,Y=5.000000))"
