---,Index,Recoil
1,1,"((X=0.9000000,Y=1.000000),(X=-0.400000,Y=0.700000),(X=-0.300000,Y=0.900000),(X=0.600000,Y=0.600000),(X=-0.400000,Y=0.800000))"
